company,url,position
1/0 Capital,https://boards.greenhouse.io/embed/job_app?for=onezerocapital&token=594873&b=https://onezerocapital.com/jobs/,Fullstack Engineer
6sense,https://boards.greenhouse.io/6sense/jobs/238123,Software Engineer
Acorns,https://boards.greenhouse.io/acorns/jobs/126365?gh_jid=126365,Software Engineer
Acquia,https://boards.greenhouse.io/acquia/jobs/654688,Infrastructure Services Intern
Airbnb,https://www.airbnb.com/careers/apply2/90884?gh_src=,Software Engineer
Akuna Capital,https://boards.greenhouse.io/embed/job_app?for=akunacapital&token=509466&b=http://www.akunacapital.com/job-details,C++ Junior Developer
Amino,https://boards.greenhouse.io/embed/job_app?for=amino&t=lwpnt21&token=504429&b=https://amino.com/careers/504429/,Senior Product Engineer
AutoGravity,https://boards.greenhouse.io/autogravitycorporation/jobs/218041#.WOhP0hLyvUJ,Intern
AverInc,https://boards.greenhouse.io/averinc/jobs/45556,Software Engineer
Benchling,https://boards.greenhouse.io/embed/job_app?for=benchling&token=172257&b=https://benchling.com/careers,Software Engineer
Betterment,https://boards.greenhouse.io/betterment/jobs/690264?gh_jid=690264,Software Engineer - Full Stack
Bigcommerce,https://boards.greenhouse.io/embed/job_app?for=bigcommerce&token=671028&b=https://www.bigcommerce.com/careers/general-application-engineering/,General Application - Engineering
Birchbox,https://boards.greenhouse.io/embed/job_app?for=birchbox&token=581797&b=https://www.birchbox.com/about/openings,Software Engineer
BitTitan,https://boards.greenhouse.io/bittitan/jobs/470705,Software Design Engineer-Intern
Blockstream,https://boards.greenhouse.io/blockstream/jobs/311830,DevOps Engineer
Bonobos,https://boards.greenhouse.io/bonobos/jobs/592990,Full Stack Software Engineer
Brown Bag Marketing,https://www.brownbagmarketing.com/careers/#sr-software-developer,Sr. Software Developer
Buzzfeed,https://boards.greenhouse.io/embed/job_app?for=buzzfeed&token=677855&b=https://www.buzzfeed.com/about/jobs,Software Engineer - Data Infrastructure
CareDash,https://www.caredash.com/careers/542650/front-end-developer,Front End Developer
Casper,https://boards.greenhouse.io/casper/jobs/672647,Software Engineer
Checkr,https://boards.greenhouse.io/checkr/jobs/163433?gh_jid=163433,Web Application Engineer
Coinbase,https://www.coinbase.com/careers/635186,Software Engineer - Data Engineering
Constant Contact,"https://boards.greenhouse.io/ctct/jobs/535232?orgIds=3465&ac=45042&alp=ALL&alt=0&ascf=[{%22Key%22:%22ALL%22,%22Value%22:null}]",Security Intern
CourseHero,https://www.coursehero.com/jobs/engineering/238698/,Staff Software Engineer
Delphic Digital,https://boards.greenhouse.io/delphicdigital/jobs/673970,Senior Front End Developer
DoorDash,https://boards.greenhouse.io/doordash/jobs/19451,Software Engineer
Ellation,https://boards.greenhouse.io/crunchyroll/jobs/663329?gh_jid=663329,Sr. Software Engineer
Evernote,https://boards.greenhouse.io/embed/job_app?for=evernote&token=670320&b=https://evernote.com/careers/job/,"Software Engineer, Mac"
Eyeview,https://boards.greenhouse.io/embed/job_app?for=eyeview&token=661400&b=https://www.eyeviewdigital.com/jobs/,Big Data Engineer
Fastly,https://boards.greenhouse.io/embed/job_app?for=fastly&token=92929&b=https://www.fastly.com/about/jobs/apply,Ruby Application Engineer
Flatiron,https://boards.greenhouse.io/embed/job_app?for=flatironhealth&token=239530&b=https://www.flatiron.com/careers/engineering/239530,Security Engineer (Associate)
FlatironSchool,https://boards.greenhouse.io/embed/job_app?for=flatironschool&token=49170&b=https://flatironschool.com/careers/,Senior Developer
GeneralAssembly,https://boards.greenhouse.io/generalassembly/jobs/42315,Part-Time Front-End Web Development Instructor
Helix,https://boards.greenhouse.io/helix/jobs/268832#application,Software Engineer - Platform
Helix,https://boards.greenhouse.io/helix/jobs/667329#application,Software Engineer Intern
Jump Trading,https://boards.greenhouse.io/embed/job_app?for=jumptrading&token=99291&b=http://www.jumptrading.com/apply.html,Software Engineer - Latency Specialist
Localytics,https://www.localytics.com/company/careers/job/?job-id=66887,Software Engineer - Back End
Magoosh,https://boards.greenhouse.io/magoosh/jobs/540816?gh_src=5f02lw1,Software Engineer
Mozilla,https://boards.greenhouse.io/mozilla/jobs/695728,Frontend Developer
MyFitnessPal,https://boards.greenhouse.io/connectedfitness/jobs/685640,"Software Engineer, Infrastructure"
NerdWallet,https://boards.greenhouse.io/embed/job_app?for=nerdwallet&token=585529&b=https://www.nerdwallet.com/careers/job,Staff Engineer (React Native)
Noom,https://www.noom.com/careers-listings/?department=engineering,Senior Full Stack Engineer
NovoEd,https://boards.greenhouse.io/embed/job_app?for=novoed&token=539594&b=https://novoed.com/company/careers/539594,Back End Software Engineer
OnDeck,https://boards.greenhouse.io/ondeck/jobs/596718,Data Analytics Talent Community
Oscar,https://boards.greenhouse.io/embed/job_app?for=oscar&token=247940&b=https://www.hioscar.com/jobs/,Software Engineer: Web & Mobile
Pinterest,https://careers.pinterest.com/careers/details/software-engineer-product_san-francisco_13544,Software Engineer - Product
POPSUGAR,https://boards.greenhouse.io/popsugar/jobs/670996,Software Engineer Intern
PracticeFusion,https://boards.greenhouse.io/embed/job_app?for=practicefusion&token=594411&b=http://www.practicefusion.com/careers/jobs/594411/,Senior Test Engineer
Prolific,https://boards.greenhouse.io/prolificinteractive/jobs/41731,iOS Engineer (Intern)
PropellerHealth,https://boards.greenhouse.io/propellerhealth/jobs/486208,Product Manager - Mobile Apps
Prosper,https://boards.greenhouse.io/embed/job_app?for=prosper&token=691172&b=https://www.prosper.com/about-us/jobs/,"Software Developer in Test, SDET"
Quartzy,https://boards.greenhouse.io/quartzy/jobs/149496?gh_jid=149496,Software Engineer (Marketplace)
Red Ventures,https://www.redventures.com/careers/position/48845?gh_jid=48845,Software Engineer
Remind,https://boards.greenhouse.io/remind/jobs/496462?gh_jid=496462,Backend Engineer
Rent the Runway,https://boards.greenhouse.io/renttherunway/jobs/194278,Software Engineer (Back End)
Reonomy,https://boards.greenhouse.io/reonomy/jobs/215528,Software Engineer
Robinhood,https://boards.greenhouse.io/robinhood/jobs/217593,iOS Engineer
Snapchat,https://boards.greenhouse.io/snapchat/jobs/6397,Software Engineer
Squarespace,https://boards.greenhouse.io/embed/job_app?for=squarespace&token=11387&b=https://www.squarespace.com/about/careers,Software Engineer - Data
theTradeDesk,https://boards.greenhouse.io/embed/job_app?for=thetradedesk&token=592141&b=https://www.thetradedesk.com/join-us/position,Software Development Engineer Intern
Thrillist,https://boards.greenhouse.io/groupninemedia/jobs/699765,Software Engineer
Thumbtack,https://boards.greenhouse.io/thumbtack/jobs/723,Software Engineer
Tower Research Capital LLC,https://boards.greenhouse.io/embed/job_app?for=towerresearchcapital&token=16651&b=https://www.tower-research.com/open-positions/,Software Developer
Trunk Club,https://boards.greenhouse.io/trunkclub/jobs/44920,Software Engineer
Tumblr,https://boards.greenhouse.io/tumblr/jobs/65738?gh_jid=65738,Software Engineer - Core PHP Team
Twilio,https://boards.greenhouse.io/twilio/jobs/671653,Software Engineer - Billing Platform
Vimeo,https://boards.greenhouse.io/vimeo/jobs/678044,"Front-End Engineer, Player"
Warby Parker,https://boards.greenhouse.io/warbyparker/jobs/11151,Full Stack Software Engineer
Wealthfront,https://boards.greenhouse.io/wealthfront/jobs/26190?gh_jid=26190,Android Engineer
XO Group,https://boards.greenhouse.io/embed/job_app?for=xogroup&token=549007&b=http://xogroupinc.com/careers-apply/,"Software Engineer, Content"
Yext,https://boards.greenhouse.io/yext/jobs/573036#.WRn1tFMrLOR,Software Engineer
Zenefits,https://www.zenefits.com/careers/694011/,Engineering Intern
Zenefits,https://www.zenefits.com/careers/680089/,iOS Engineer
Zocdoc,https://boards.greenhouse.io/embed/job_app?for=zocdoc&token=122726&b=https://www.zocdoc.com/about/careers/,Software Engineer - Full Stack